Metric,Value
Expected Annual Return,0.06474251506757171
Expected Annual Volatility,0.09515575864540382
Sharpe Ratio,0.47020291472115594
