Metric,Value
Expected Annual Return,0.11620694224138287
Expected Annual Volatility,0.0445559615184388
Sharpe Ratio,2.1592383816376426
