Metric,Value
Expected Annual Return,0.3655135494366401
Expected Annual Volatility,0.15930459508453987
Sharpe Ratio,2.168886272572883
