Metric,Value
Expected Annual Return,0.538156448548762
Expected Annual Volatility,0.031343653459864444
Sharpe Ratio,16.53146303484568
