Metric,Value
Expected Annual Return,0.11587870537669115
Expected Annual Volatility,0.05391727505059628
Sharpe Ratio,1.778255768428913
